Max SFC Length,Average Placement Reward,Average Power Consumption,Average Exceeded Penalty,Average Reward,Acceptance Ratio
8,2531.65,67.105,243.8365,2220.7085,0.735
10,3224.7,79.43,306.91200000000003,2838.3579999999997,0.675
12,3761.85,92.61,416.20550000000003,3253.0344999999998,0.725
16,4554.775,115.645,564.2445,3874.8854999999994,0.6799999999999999
20,5322.2,137.69,782.562,4401.948,0.675
24,6454.275,161.73,954.8170000000001,5337.728,0.6950000000000001
