Max SFC Length,Average Placement Reward,Average Power Consumption,Average Exceeded Penalty,Average Reward,Acceptance Ratio
8,2251.875,84.385,452.789,1714.701,0.74
10,2504.925,98.47,535.7505,1870.7045,0.6599999999999999
12,3135.375,112.865,669.5939999999999,2352.916,0.64
14,3623.975,123.71,696.6510000000001,2803.614,0.655
16,3891.5,141.505,843.4995000000001,2906.4955000000004,0.58
