Max SFC Length,Average Placement Reward,Average Power Consumption,Average Exceeded Penalty,Average Reward,Acceptance Ratio
8,-572.9,349.115,207.02349999999998,-1129.0385,0.22000000000000003
10,-1296.25,552.175,375.277,-2223.702,0.13999999999999999
12,-1954.975,839.175,619.2639999999999,-3413.414,0.125
16,-2856.825,1376.615,1079.943,-5313.383000000001,0.09
20,-3781.7,2104.7,1741.8545000000001,-7628.254499999999,0.06
24,-5256.8,3310.945,2848.89,-11416.635,0.05
