Max SFC Length,Average Placement Reward,Average Power Consumption,Average Exceeded Penalty,Average Reward,Acceptance Ratio
8,-414.9,188.89,238.7985,-842.5885000000001,0.32
10,-871.25,240.86,277.847,-1389.957,0.27999999999999997
12,-964.1,335.95,326.99550000000005,-1627.0455,0.26
14,-1703.175,552.815,536.4675,-2792.4575,0.175
16,-1863.825,587.19,558.366,-3009.381,0.185
