Max SFC Length,Average Placement Reward,Average Power Consumption,Average Exceeded Penalty,Average Reward,Acceptance Ratio
8,1282.175,58.765,254.63150000000002,968.7785,0.40499999999999997
10,1544.0,69.91,329.42199999999997,1144.6680000000001,0.4
12,2164.175,78.62,434.53549999999996,1651.0195,0.34500000000000003
14,2543.275,86.115,493.95349999999996,1963.2065,0.40499999999999997
16,2816.825,100.27,592.721,2123.8340000000003,0.385
