Max SFC Length,Average Placement Reward,Average Power Consumption,Average Exceeded Penalty,Average Reward,Acceptance Ratio
8,2359.075,72.72,310.672,1975.683,0.775
10,2758.95,81.615,377.85949999999997,2299.4755,0.76
12,3661.95,91.125,419.30300000000005,3151.522,0.775
16,4410.775,108.165,545.998,3756.6119999999996,0.795
20,5733.8,131.14,716.4915,4886.168500000001,0.765
24,6766.025,155.475,879.6105,5730.9394999999995,0.7849999999999999
