Max SFC Length,Average Placement Reward,Average Power Consumption,Average Exceeded Penalty,Average Reward,Acceptance Ratio
8,2512.575,51.3,107.07100000000003,2354.2039999999997,0.76
10,3094.7,62.08,167.241,2865.3790000000004,0.77
12,3551.0,66.755,194.0515,3290.1935,0.795
14,3641.6,75.86,236.255,3329.485,0.725
16,4356.45,85.505,298.8715,3972.0735,0.75
