Max SFC Length,Average Placement Reward,Average Power Consumption,Average Exceeded Penalty,Average Reward,Acceptance Ratio
8,338.375,80.325,449.44849999999997,-191.3985,0.22999999999999998
10,489.975,82.58,496.8175,-89.42249999999999,0.265
12,538.825,95.135,624.615,-180.925,0.28500000000000003
14,808.275,103.635,727.9655,-23.325500000000048,0.24
16,1016.0,120.505,901.5155,-6.020499999999993,0.255
