Max SFC Length,Average Placement Reward,Average Power Consumption,Average Exceeded Penalty,Average Reward,Acceptance Ratio
8,-1798.525,313.165,315.934,-2427.6240000000003,0.06999999999999999
10,-2604.65,417.405,417.54299999999995,-3439.598,0.05500000000000001
12,-2598.6,490.98,487.85100000000006,-3577.4309999999996,0.045
14,-3410.775,761.875,736.6820000000001,-4909.332,0.06
16,-4417.575,1137.11,1093.8325,-6648.5175,0.034999999999999996
