Max SFC Length,Average Placement Reward,Average Power Consumption,Average Exceeded Penalty,Average Reward,Acceptance Ratio
8,-687.85,409.2,329.685,-1426.735,0.315
10,-1079.35,556.295,441.57449999999994,-2077.2195,0.26
12,-1750.425,783.83,606.568,-3140.823,0.22000000000000003
16,-2696.375,1289.665,1015.3775,-5001.4175,0.16499999999999998
20,-3890.675,1987.915,1607.361,-7485.951,0.125
24,-4582.35,2662.54,2185.82,-9430.71,0.11000000000000001
