Max SFC Length,Average Placement Reward,Average Power Consumption,Average Exceeded Penalty,Average Reward,Acceptance Ratio
8,-1038.525,388.0,249.995,-1676.5200000000002,0.22000000000000003
10,-1378.95,503.29,340.48049999999995,-2222.7205,0.16999999999999998
12,-2257.325,736.19,531.6614999999999,-3525.1765,0.15
14,-2645.8,790.105,578.8585,-4014.7634999999996,0.16999999999999998
16,-3013.6,1055.015,805.4595000000002,-4874.0745,0.135
